Epoch,FrontSize,Time
1,10,2.41450572013855
2,12,2.416584014892578
3,19,2.281843423843384
4,11,2.536252498626709
5,7,2.232985496520996
5,7,12.48455548286438
