Epoch,FrontSize,ArchiveSize,Time
1,62,12,0.2323780059814453
2,67,17,0.276294469833374
3,70,20,0.2213726043701172
4,76,26,0.23138093948364258
5,77,27,0.23935937881469727
5,77,27,1.593733549118042
