Epoch,FrontSize,Time
1,11,0.9504246711730957
2,10,0.9584677219390869
3,9,1.0591650009155273
4,7,1.0411818027496338
5,14,0.9365296363830566
5,14,5.184162378311157
