Epoch,FrontSize,ArchiveSize,Time
1,58,8,0.7619638442993164
2,57,7,0.7370271682739258
3,61,11,0.7070739269256592
4,69,19,0.7928786277770996
5,74,24,0.7300455570220947
5,74,24,5.2379841804504395
