Epoch,FrontSize,Time
1,24,0.8706700801849365
2,50,1.5189721584320068
3,50,1.0461649894714355
4,50,1.0532145500183105
5,42,1.4869885444641113
5,42,6.691097021102905
