Epoch,FrontSize,ArchiveSize,Time
1,61,11,0.6712019443511963
2,66,16,0.6372947692871094
3,62,12,0.6751935482025146
4,63,13,0.665219783782959
5,68,18,0.7968690395355225
5,68,18,4.779210329055786
