Epoch,FrontSize,ArchiveSize,Time
1,61,11,0.23936104774475098
2,64,14,0.21342802047729492
3,64,14,0.23138022422790527
4,66,16,0.2154245376586914
5,68,18,0.24534344673156738
5,68,18,1.5338947772979736
