Epoch,FrontSize,Time
1,6,2.7057926654815674
2,6,2.8343818187713623
3,11,2.872349739074707
4,6,2.5860445499420166
5,7,2.448448657989502
5,7,14.077332019805908
