Epoch,FrontSize,Time
1,22,0.3400900363922119
2,50,0.4009268283843994
3,50,0.4717378616333008
4,50,0.4807136058807373
5,33,0.5685114860534668
5,33,2.4813907146453857
