Epoch,FrontSize,Time
1,38,0.34108877182006836
2,50,0.5255935192108154
3,50,0.3500630855560303
4,50,0.4168829917907715
5,50,0.3171517848968506
5,50,2.2070939540863037
