Epoch,FrontSize,Time
1,10,1.0601634979248047
2,17,1.0581696033477783
3,13,1.0791103839874268
4,13,1.0921151638031006
5,10,1.1020135879516602
5,10,5.6209588050842285
