Epoch,FrontSize,Time
1,9,2.362678289413452
2,10,2.3556978702545166
3,24,2.7436935901641846
4,9,2.7924909591674805
5,22,2.4085564613342285
5,22,13.269461154937744
