Epoch,FrontSize,Time
1,11,0.777918815612793
2,18,0.823793888092041
3,15,0.8916141986846924
4,14,0.8417470455169678
5,11,0.8567075729370117
5,11,4.412193536758423
