Epoch,FrontSize,Time
1,16,2.429497480392456
2,12,2.605062246322632
3,12,2.741668224334717
4,11,2.5551276206970215
5,11,2.422518730163574
5,11,13.379199981689453
