Epoch,FrontSize,Time
1,10,0.7520205974578857
2,15,0.7320101261138916
3,14,0.7230982780456543
4,10,0.7748916149139404
5,9,0.6941771507263184
5,9,3.870676279067993
